{
    "min": {
        "solution_id": 1.6360425158051103e+18,
        "source_id": 4295806720.0,
        "random_index": 0.0,
        "ref_epoch": 2016.0,
        "ra": 3.409623912662645e-07,
        "ra_error": 0.0035371692,
        "dec": -89.99287859590359,
        "dec_error": 0.0042951643,
        "parallax": -187.0293963742349,
        "parallax_error": 0.0071899574,
        "parallax_over_error": -161.38797,
        "pm": 0.00019370936,
        "pmra": -4406.469178827325,
        "pmra_error": 0.0039596637,
        "pmdec": -5817.8001940492695,
        "pmdec_error": 0.0052927267,
        "ra_dec_corr": -0.99999934,
        "ra_parallax_corr": -0.9839409,
        "ra_pmra_corr": -0.9934673,
        "ra_pmdec_corr": -0.995595,
        "dec_parallax_corr": -0.99205256,
        "dec_pmra_corr": -0.99342203,
        "dec_pmdec_corr": -0.9971704,
        "parallax_pmra_corr": -0.9512427,
        "parallax_pmdec_corr": -0.95243996,
        "pmra_pmdec_corr": -0.99655056,
        "astrometric_n_obs_al": 12.0,
        "astrometric_n_obs_ac": 0.0,
        "astrometric_n_good_obs_al": 10.0,
        "astrometric_n_bad_obs_al": 0.0,
        "astrometric_gof_al": -31.882742,
        "astrometric_chi2_al": 2.730088,
        "astrometric_excess_noise": 0.0,
        "astrometric_excess_noise_sig": 0.0,
        "astrometric_params_solved": 3.0,
        "astrometric_primary_flag": 0.0,
        "pseudocolour": -3.2705555,
        "pseudocolour_error": 0.0010687921,
        "ra_pseudocolour_corr": -0.9319211,
        "dec_pseudocolour_corr": -0.936728,
        "parallax_pseudocolour_corr": -0.9124055,
        "pmra_pseudocolour_corr": -0.92151284,
        "pmdec_pseudocolour_corr": -0.88240075,
        "astrometric_matched_transits": 5.0,
        "visibility_periods_used": 1.0,
        "astrometric_sigma5d_max": 0.009942858,
        "matched_transits": 5.0,
        "new_matched_transits": 0.0,
        "matched_transits_removed": 0.0,
        "ipd_gof_harmonic_amplitude": 7.657361e-07,
        "ipd_gof_harmonic_phase": 1.6501097e-08,
        "ipd_frac_multi_peak": 0.0,
        "ipd_frac_odd_win": 0.0,
        "ruwe": 0.19239865,
        "scan_direction_strength_k1": 8.8557845e-06,
        "scan_direction_strength_k2": 6.427706e-06,
        "scan_direction_strength_k3": 3.2243884e-06,
        "scan_direction_strength_k4": 1.9830339e-05,
        "scan_direction_mean_k1": -180.0,
        "scan_direction_mean_k2": -90.0,
        "scan_direction_mean_k3": -60.0,
        "scan_direction_mean_k4": -45.0,
        "duplicated_source": 0.0,
        "phot_g_n_obs": 0.0,
        "phot_g_mean_flux": 12.370194398444749,
        "phot_g_mean_flux_error": 0.27359682,
        "phot_g_mean_flux_over_error": 1.0823672,
        "phot_g_mean_mag": 1.731607,
        "phot_bp_n_obs": 0.0,
        "phot_bp_mean_flux": 1.0050400371436263,
        "phot_bp_mean_flux_error": 0.0,
        "phot_bp_mean_flux_over_error": 0.053431902,
        "phot_bp_mean_mag": 2.3980012,
        "phot_rp_n_obs": 0.0,
        "phot_rp_mean_flux": 1.0489614290056928,
        "phot_rp_mean_flux_error": 0.0,
        "phot_rp_mean_flux_over_error": 0.054578356,
        "phot_rp_mean_mag": 1.7436333,
        "phot_bp_n_contaminated_transits": 0.0,
        "phot_bp_n_blended_transits": 0.0,
        "phot_rp_n_contaminated_transits": 0.0,
        "phot_rp_n_blended_transits": 0.0,
        "phot_proc_mode": 0.0,
        "phot_bp_rp_excess_factor": 0.038931157,
        "bp_rp": -7.3475304,
        "bp_g": -8.431577,
        "g_rp": -4.8708715,
        "dr2_rv_nb_transits": 0.0,
        "l": 1.0606335061246417e-07,
        "b": -89.99366530605397,
        "ecl_lon": 5.21887866629631e-07,
        "ecl_lat": -89.99954651413846,
        "nu_eff_used_in_astrometry": -0.116922274,
        "dr2_radial_velocity": -618.5109,
        "dr2_radial_velocity_error": 0.11,
        "dr2_rv_template_teff": 3600.0,
        "dr2_rv_template_logg": -0.5,
        "dr2_rv_template_fe_h": -5.0
    },
    "max": {
        "solution_id": 1.6360425158051103e+18,
        "source_id": 6.917528997577384e+18,
        "random_index": 1811709770.0,
        "ref_epoch": 2016.0,
        "ra": 359.999999939548,
        "ra_error": 99.997635,
        "dec": 89.99005196682685,
        "dec_error": 99.97974,
        "parallax": 768.0665391873573,
        "parallax_error": 5.802274,
        "parallax_over_error": 15400.477,
        "pm": 10393.349,
        "pmra": 6765.995136250774,
        "pmra_error": 3.447368,
        "pmdec": 10362.394206546573,
        "pmdec_error": 3.4449604,
        "ra_dec_corr": 0.9999991,
        "ra_parallax_corr": 0.9898032,
        "ra_pmra_corr": 0.9931951,
        "ra_pmdec_corr": 0.9954832,
        "dec_parallax_corr": 0.9782114,
        "dec_pmra_corr": 0.98989755,
        "dec_pmdec_corr": 0.9971811,
        "parallax_pmra_corr": 0.9391216,
        "parallax_pmdec_corr": 0.9781327,
        "pmra_pmdec_corr": 0.99714994,
        "astrometric_n_obs_al": 1564.0,
        "astrometric_n_obs_ac": 1524.0,
        "astrometric_n_good_obs_al": 1556.0,
        "astrometric_n_bad_obs_al": 299.0,
        "astrometric_gof_al": 10382.003,
        "astrometric_chi2_al": 5779107300.0,
        "astrometric_excess_noise": 1131.5846,
        "astrometric_excess_noise_sig": 194326672.0,
        "astrometric_params_solved": 95.0,
        "astrometric_primary_flag": 1.0,
        "pseudocolour": 5.841313,
        "pseudocolour_error": 1.0967505,
        "ra_pseudocolour_corr": 0.91704756,
        "dec_pseudocolour_corr": 0.91690594,
        "parallax_pseudocolour_corr": 0.8844462,
        "pmra_pseudocolour_corr": 0.8416601,
        "pmdec_pseudocolour_corr": 0.88046676,
        "astrometric_matched_transits": 178.0,
        "visibility_periods_used": 33.0,
        "astrometric_sigma5d_max": 26307864600.0,
        "matched_transits": 328.0,
        "new_matched_transits": 328.0,
        "matched_transits_removed": 242.0,
        "ipd_gof_harmonic_amplitude": 14408.159,
        "ipd_gof_harmonic_phase": 180.0,
        "ipd_frac_multi_peak": 100.0,
        "ipd_frac_odd_win": 100.0,
        "ruwe": 116.016365,
        "scan_direction_strength_k1": 0.9999982,
        "scan_direction_strength_k2": 0.99999297,
        "scan_direction_strength_k3": 0.9999945,
        "scan_direction_strength_k4": 0.999999,
        "scan_direction_mean_k1": 180.0,
        "scan_direction_mean_k2": 90.0,
        "scan_direction_mean_k3": 60.0,
        "scan_direction_mean_k4": 45.0,
        "duplicated_source": 1.0,
        "phot_g_n_obs": 2395.0,
        "phot_g_mean_flux": 3822116782.633696,
        "phot_g_mean_flux_error": 61207728.0,
        "phot_g_mean_flux_over_error": 22926.803,
        "phot_g_mean_mag": 22.956425,
        "phot_bp_n_obs": 268.0,
        "phot_bp_mean_flux": 1500432409.3837109,
        "phot_bp_mean_flux_error": 71123240.0,
        "phot_bp_mean_flux_over_error": 94195456.0,
        "phot_bp_mean_mag": 25.333084,
        "phot_rp_n_obs": 263.0,
        "phot_rp_mean_flux": 1591127209.4126902,
        "phot_rp_mean_flux_error": 89607720.0,
        "phot_rp_mean_flux_over_error": 81374416.0,
        "phot_rp_mean_mag": 24.695997,
        "phot_bp_n_contaminated_transits": 211.0,
        "phot_bp_n_blended_transits": 263.0,
        "phot_rp_n_contaminated_transits": 216.0,
        "phot_rp_n_blended_transits": 262.0,
        "phot_proc_mode": 2.0,
        "phot_bp_rp_excess_factor": 17495.008,
        "bp_rp": 10.193149,
        "bp_g": 6.9989967,
        "g_rp": 11.54591,
        "dr2_rv_nb_transits": 201.0,
        "l": 359.9999999850258,
        "b": 89.98796453163729,
        "ecl_lon": 359.9999981083096,
        "ecl_lat": 89.99008000608518,
        "nu_eff_used_in_astrometry": 4.5718956,
        "dr2_radial_velocity": 623.60864,
        "dr2_radial_velocity_error": 19.99984,
        "dr2_rv_template_teff": 6750.0,
        "dr2_rv_template_logg": 5.0,
        "dr2_rv_template_fe_h": 1.0
    }
}