{
    "min": {
        "solution_id": 1.6360425158051103e+18,
        "source_id": 4295806720.0,
        "random_index": 6.0,
        "ref_epoch": 2016.0,
        "ra": 2.1258200721819194e-06,
        "ra_error": 0.0038308038,
        "dec": -48.135280275633214,
        "dec_error": 0.004437781,
        "parallax": -74.08175201951614,
        "parallax_error": 0.007283376,
        "parallax_over_error": -69.83393,
        "pm": 0.00019370936,
        "pmra": -4406.469178827325,
        "pmra_error": 0.0039596637,
        "pmdec": -4776.588719443488,
        "pmdec_error": 0.0059543555,
        "ra_dec_corr": -0.9999991,
        "ra_parallax_corr": -0.960506,
        "ra_pmra_corr": -0.9897426,
        "ra_pmdec_corr": -0.995062,
        "dec_parallax_corr": -0.9882208,
        "dec_pmra_corr": -0.99257994,
        "dec_pmdec_corr": -0.9964072,
        "parallax_pmra_corr": -0.9512427,
        "parallax_pmdec_corr": -0.93469226,
        "pmra_pmdec_corr": -0.9964675,
        "astrometric_n_obs_al": 12.0,
        "astrometric_n_obs_ac": 0.0,
        "astrometric_n_good_obs_al": 10.0,
        "astrometric_n_bad_obs_al": 0.0,
        "astrometric_gof_al": -24.827465,
        "astrometric_chi2_al": 5.1107445,
        "astrometric_excess_noise": 0.0,
        "astrometric_excess_noise_sig": 0.0,
        "astrometric_params_solved": 3.0,
        "astrometric_primary_flag": 0.0,
        "pseudocolour": -2.2237651,
        "pseudocolour_error": 0.0010687921,
        "ra_pseudocolour_corr": -0.9319211,
        "dec_pseudocolour_corr": -0.86889,
        "parallax_pseudocolour_corr": -0.8889097,
        "pmra_pseudocolour_corr": -0.8987373,
        "pmdec_pseudocolour_corr": -0.8785555,
        "astrometric_matched_transits": 5.0,
        "visibility_periods_used": 1.0,
        "astrometric_sigma5d_max": 0.010455733,
        "matched_transits": 5.0,
        "new_matched_transits": 0.0,
        "matched_transits_removed": 0.0,
        "ipd_gof_harmonic_amplitude": 7.657361e-07,
        "ipd_gof_harmonic_phase": 1.1399476e-07,
        "ipd_frac_multi_peak": 0.0,
        "ipd_frac_odd_win": 0.0,
        "ruwe": 0.23017149,
        "scan_direction_strength_k1": 2.4450213e-05,
        "scan_direction_strength_k2": 6.427706e-06,
        "scan_direction_strength_k3": 1.4474194e-05,
        "scan_direction_strength_k4": 1.9830339e-05,
        "scan_direction_mean_k1": -180.0,
        "scan_direction_mean_k2": -90.0,
        "scan_direction_mean_k3": -60.0,
        "scan_direction_mean_k4": -45.0,
        "duplicated_source": 0.0,
        "phot_g_n_obs": 0.0,
        "phot_g_mean_flux": 15.6998555784274,
        "phot_g_mean_flux_error": 0.31234145,
        "phot_g_mean_flux_over_error": 1.4380445,
        "phot_g_mean_mag": 1.731607,
        "phot_bp_n_obs": 0.0,
        "phot_bp_mean_flux": 1.0279097629941152,
        "phot_bp_mean_flux_error": 8.457988e-06,
        "phot_bp_mean_flux_over_error": 0.053431902,
        "phot_bp_mean_mag": 2.4691198,
        "phot_rp_n_obs": 0.0,
        "phot_rp_mean_flux": 1.0727967098235458,
        "phot_rp_mean_flux_error": 0.0,
        "phot_rp_mean_flux_over_error": 0.054578356,
        "phot_rp_mean_mag": 1.7595884,
        "phot_bp_n_contaminated_transits": 0.0,
        "phot_bp_n_blended_transits": 0.0,
        "phot_rp_n_contaminated_transits": 0.0,
        "phot_rp_n_blended_transits": 0.0,
        "phot_proc_mode": 0.0,
        "phot_bp_rp_excess_factor": 0.092565045,
        "bp_rp": -6.189184,
        "bp_g": -7.900258,
        "g_rp": -3.843382,
        "dr2_rv_nb_transits": 0.0,
        "l": 1.6150062813975746e-07,
        "b": -56.73777986647461,
        "ecl_lon": 1.8977164172559412e-06,
        "ecl_lat": -25.11639507323288,
        "nu_eff_used_in_astrometry": 0.43078905,
        "dr2_radial_velocity": -618.5109,
        "dr2_radial_velocity_error": 0.11000002,
        "dr2_rv_template_teff": 3600.0,
        "dr2_rv_template_logg": -0.5,
        "dr2_rv_template_fe_h": -5.0
    },
    "max": {
        "solution_id": 1.6360425158051103e+18,
        "source_id": 6.917528997577384e+18,
        "random_index": 1811709770.0,
        "ref_epoch": 2016.0,
        "ra": 359.999999939548,
        "ra_error": 99.94253,
        "dec": 89.99005196682685,
        "dec_error": 99.97974,
        "parallax": 392.75294543876464,
        "parallax_error": 5.434976,
        "parallax_over_error": 13838.454,
        "pm": 5282.104,
        "pmra": 4164.2086922846665,
        "pmra_error": 3.4336467,
        "pmdec": 3314.43723593768,
        "pmdec_error": 3.4444325,
        "ra_dec_corr": 0.99999905,
        "ra_parallax_corr": 0.9654935,
        "ra_pmra_corr": 0.9931951,
        "ra_pmdec_corr": 0.9882693,
        "dec_parallax_corr": 0.9569644,
        "dec_pmra_corr": 0.9838113,
        "dec_pmdec_corr": 0.99691826,
        "parallax_pmra_corr": 0.9349793,
        "parallax_pmdec_corr": 0.94606006,
        "pmra_pmdec_corr": 0.99699014,
        "astrometric_n_obs_al": 1538.0,
        "astrometric_n_obs_ac": 1524.0,
        "astrometric_n_good_obs_al": 1522.0,
        "astrometric_n_bad_obs_al": 287.0,
        "astrometric_gof_al": 10382.003,
        "astrometric_chi2_al": 4048898560.0,
        "astrometric_excess_noise": 763.0737,
        "astrometric_excess_noise_sig": 147457264.0,
        "astrometric_params_solved": 95.0,
        "astrometric_primary_flag": 1.0,
        "pseudocolour": 5.0420475,
        "pseudocolour_error": 0.99214786,
        "ra_pseudocolour_corr": 0.8657845,
        "dec_pseudocolour_corr": 0.87637836,
        "parallax_pseudocolour_corr": 0.8844462,
        "pmra_pseudocolour_corr": 0.8252858,
        "pmdec_pseudocolour_corr": 0.88046676,
        "astrometric_matched_transits": 176.0,
        "visibility_periods_used": 33.0,
        "astrometric_sigma5d_max": 9510283300.0,
        "matched_transits": 318.0,
        "new_matched_transits": 318.0,
        "matched_transits_removed": 146.0,
        "ipd_gof_harmonic_amplitude": 2336.7087,
        "ipd_gof_harmonic_phase": 180.0,
        "ipd_frac_multi_peak": 100.0,
        "ipd_frac_odd_win": 100.0,
        "ruwe": 101.2493,
        "scan_direction_strength_k1": 0.9999857,
        "scan_direction_strength_k2": 0.99998754,
        "scan_direction_strength_k3": 0.9999945,
        "scan_direction_strength_k4": 0.99995714,
        "scan_direction_mean_k1": 180.0,
        "scan_direction_mean_k2": 90.0,
        "scan_direction_mean_k3": 60.0,
        "scan_direction_mean_k4": 45.0,
        "duplicated_source": 1.0,
        "phot_g_n_obs": 2332.0,
        "phot_g_mean_flux": 3822116782.633696,
        "phot_g_mean_flux_error": 59137120.0,
        "phot_g_mean_flux_over_error": 20106.2,
        "phot_g_mean_mag": 22.697628,
        "phot_bp_n_obs": 265.0,
        "phot_bp_mean_flux": 1405299676.4160712,
        "phot_bp_mean_flux_error": 71123240.0,
        "phot_bp_mean_flux_over_error": 37971016.0,
        "phot_bp_mean_mag": 25.308655,
        "phot_rp_n_obs": 262.0,
        "phot_rp_mean_flux": 1567916260.3373306,
        "phot_rp_mean_flux_error": 43062340.0,
        "phot_rp_mean_flux_over_error": 53021672.0,
        "phot_rp_mean_mag": 24.671602,
        "phot_bp_n_contaminated_transits": 143.0,
        "phot_bp_n_blended_transits": 263.0,
        "phot_rp_n_contaminated_transits": 142.0,
        "phot_rp_n_blended_transits": 254.0,
        "phot_proc_mode": 2.0,
        "phot_bp_rp_excess_factor": 1780.6536,
        "bp_rp": 9.150787,
        "bp_g": 6.6423454,
        "g_rp": 8.988961,
        "dr2_rv_nb_transits": 196.0,
        "l": 359.99999991650566,
        "b": 89.11219879915552,
        "ecl_lon": 359.9999981083096,
        "ecl_lat": 89.99008000608518,
        "nu_eff_used_in_astrometry": 4.5718956,
        "dr2_radial_velocity": 479.78003,
        "dr2_radial_velocity_error": 19.999498,
        "dr2_rv_template_teff": 6750.0,
        "dr2_rv_template_logg": 5.0,
        "dr2_rv_template_fe_h": 1.0
    }
}