{
    "min": {
        "solution_id": 1.6360425158051103e+18,
        "source_id": 6.710011601064297e+18,
        "random_index": 544.0,
        "ref_epoch": 2016.0,
        "ra": 278.7115782402421,
        "ra_error": 0.009388379,
        "dec": -48.135280275633214,
        "dec_error": 0.008572171,
        "parallax": -17.360197214794056,
        "parallax_error": 0.01005919,
        "parallax_over_error": -13.077363,
        "pm": 0.007015507,
        "pmra": -382.6222510555107,
        "pmra_error": 0.010995796,
        "pmdec": -745.4893041524143,
        "pmdec_error": 0.008703848,
        "ra_dec_corr": -0.9999923,
        "ra_parallax_corr": -0.94300336,
        "ra_pmra_corr": -0.95952606,
        "ra_pmdec_corr": -0.94931716,
        "dec_parallax_corr": -0.97653466,
        "dec_pmra_corr": -0.94414186,
        "dec_pmdec_corr": -0.9743722,
        "parallax_pmra_corr": -0.88841885,
        "parallax_pmdec_corr": -0.80903643,
        "pmra_pmdec_corr": -0.97232515,
        "astrometric_n_obs_al": 25.0,
        "astrometric_n_obs_ac": 0.0,
        "astrometric_n_good_obs_al": 25.0,
        "astrometric_n_bad_obs_al": 0.0,
        "astrometric_gof_al": -7.495657,
        "astrometric_chi2_al": 11.685621,
        "astrometric_excess_noise": 0.0,
        "astrometric_excess_noise_sig": 0.0,
        "astrometric_params_solved": 3.0,
        "astrometric_primary_flag": 0.0,
        "pseudocolour": -0.81546247,
        "pseudocolour_error": 0.0024627997,
        "ra_pseudocolour_corr": -0.80515206,
        "dec_pseudocolour_corr": -0.7807586,
        "parallax_pseudocolour_corr": -0.8889097,
        "pmra_pseudocolour_corr": -0.7643139,
        "pmdec_pseudocolour_corr": -0.8305747,
        "astrometric_matched_transits": 5.0,
        "visibility_periods_used": 1.0,
        "astrometric_sigma5d_max": 0.016496802,
        "matched_transits": 5.0,
        "new_matched_transits": 0.0,
        "matched_transits_removed": 0.0,
        "ipd_gof_harmonic_amplitude": 0.000101410806,
        "ipd_gof_harmonic_phase": 7.3128435e-06,
        "ipd_frac_multi_peak": 0.0,
        "ipd_frac_odd_win": 0.0,
        "ruwe": 0.6302813,
        "scan_direction_strength_k1": 4.7226564e-05,
        "scan_direction_strength_k2": 0.0002682733,
        "scan_direction_strength_k3": 0.00045790154,
        "scan_direction_strength_k4": 0.36293176,
        "scan_direction_mean_k1": -179.99855,
        "scan_direction_mean_k2": -89.99979,
        "scan_direction_mean_k3": -59.9999,
        "scan_direction_mean_k4": -44.999947,
        "duplicated_source": 0.0,
        "phot_g_n_obs": 0.0,
        "phot_g_mean_flux": 18.460975458938517,
        "phot_g_mean_flux_error": 0.6192936,
        "phot_g_mean_flux_over_error": 4.2780104,
        "phot_g_mean_mag": 3.9504597,
        "phot_bp_n_obs": 0.0,
        "phot_bp_mean_flux": 1.1056085136416742,
        "phot_bp_mean_flux_error": 7.96392e-05,
        "phot_bp_mean_flux_over_error": 0.09286043,
        "phot_bp_mean_mag": 3.8864646,
        "phot_rp_n_obs": 0.0,
        "phot_rp_mean_flux": 2.031166208604552,
        "phot_rp_mean_flux_error": 0.0005768581,
        "phot_rp_mean_flux_over_error": 0.10655118,
        "phot_rp_mean_mag": 3.420191,
        "phot_bp_n_contaminated_transits": 0.0,
        "phot_bp_n_blended_transits": 0.0,
        "phot_rp_n_contaminated_transits": 0.0,
        "phot_rp_n_blended_transits": 0.0,
        "phot_proc_mode": 0.0,
        "phot_bp_rp_excess_factor": 0.21104018,
        "bp_rp": -3.62389,
        "bp_g": -5.45129,
        "g_rp": -2.9443417,
        "dr2_rv_nb_transits": 0.0,
        "l": 348.1284526283153,
        "b": -24.51972098048937,
        "ecl_lon": 276.73158425936924,
        "ecl_lat": -25.11639507323288,
        "nu_eff_used_in_astrometry": 1.1074798,
        "dr2_radial_velocity": -357.53436,
        "dr2_radial_velocity_error": 0.110004306,
        "dr2_rv_template_teff": 3600.0,
        "dr2_rv_template_logg": 0.5,
        "dr2_rv_template_fe_h": -2.5
    },
    "max": {
        "solution_id": 1.6360425158051103e+18,
        "source_id": 6.716353554073338e+18,
        "random_index": 1811707981.0,
        "ref_epoch": 2016.0,
        "ra": 292.49435935931115,
        "ra_error": 97.79608,
        "dec": -38.68958683228108,
        "dec_error": 92.04873,
        "parallax": 45.00852454360443,
        "parallax_error": 4.518885,
        "parallax_over_error": 1772.5459,
        "pm": 749.60516,
        "pmra": 501.6739166367266,
        "pmra_error": 3.2572052,
        "pmdec": 92.17668445515147,
        "pmdec_error": 3.314835,
        "ra_dec_corr": 0.99999905,
        "ra_parallax_corr": 0.9135405,
        "ra_pmra_corr": 0.93376744,
        "ra_pmdec_corr": 0.92206186,
        "dec_parallax_corr": 0.75235724,
        "dec_pmra_corr": 0.9325191,
        "dec_pmdec_corr": 0.9364453,
        "parallax_pmra_corr": 0.80559266,
        "parallax_pmdec_corr": 0.8386757,
        "pmra_pmdec_corr": 0.9898332,
        "astrometric_n_obs_al": 470.0,
        "astrometric_n_obs_ac": 439.0,
        "astrometric_n_good_obs_al": 468.0,
        "astrometric_n_bad_obs_al": 51.0,
        "astrometric_gof_al": 2511.0552,
        "astrometric_chi2_al": 119533152.0,
        "astrometric_excess_noise": 453.11447,
        "astrometric_excess_noise_sig": 6012912.5,
        "astrometric_params_solved": 95.0,
        "astrometric_primary_flag": 1.0,
        "pseudocolour": 3.9364805,
        "pseudocolour_error": 0.898285,
        "ra_pseudocolour_corr": 0.76927507,
        "dec_pseudocolour_corr": 0.85227716,
        "parallax_pseudocolour_corr": 0.7748414,
        "pmra_pseudocolour_corr": 0.78590846,
        "pmdec_pseudocolour_corr": 0.75415105,
        "astrometric_matched_transits": 53.0,
        "visibility_periods_used": 18.0,
        "astrometric_sigma5d_max": 7201875.5,
        "matched_transits": 54.0,
        "new_matched_transits": 54.0,
        "matched_transits_removed": 18.0,
        "ipd_gof_harmonic_amplitude": 994.77826,
        "ipd_gof_harmonic_phase": 180.0,
        "ipd_frac_multi_peak": 100.0,
        "ipd_frac_odd_win": 100.0,
        "ruwe": 53.79296,
        "scan_direction_strength_k1": 0.9999714,
        "scan_direction_strength_k2": 0.9998855,
        "scan_direction_strength_k3": 0.9997424,
        "scan_direction_strength_k4": 0.9997826,
        "scan_direction_mean_k1": 179.99931,
        "scan_direction_mean_k2": 89.94099,
        "scan_direction_mean_k3": 59.999878,
        "scan_direction_mean_k4": 44.999985,
        "duplicated_source": 1.0,
        "phot_g_n_obs": 462.0,
        "phot_g_mean_flux": 495179765.3441585,
        "phot_g_mean_flux_error": 1583747.1,
        "phot_g_mean_flux_over_error": 11441.79,
        "phot_g_mean_mag": 22.52173,
        "phot_bp_n_obs": 52.0,
        "phot_bp_mean_flux": 380917574.2881373,
        "phot_bp_mean_flux_error": 1035012.06,
        "phot_bp_mean_flux_over_error": 235330.38,
        "phot_bp_mean_mag": 25.229538,
        "phot_rp_n_obs": 53.0,
        "phot_rp_mean_flux": 339689209.9966196,
        "phot_rp_mean_flux_error": 2679118.8,
        "phot_rp_mean_flux_over_error": 171452.42,
        "phot_rp_mean_mag": 23.978533,
        "phot_bp_n_contaminated_transits": 21.0,
        "phot_bp_n_blended_transits": 49.0,
        "phot_rp_n_contaminated_transits": 30.0,
        "phot_rp_n_blended_transits": 49.0,
        "phot_proc_mode": 2.0,
        "phot_bp_rp_excess_factor": 158.232,
        "bp_rp": 7.520832,
        "bp_g": 5.097624,
        "g_rp": 6.080517,
        "dr2_rv_nb_transits": 15.0,
        "l": 359.37817392495685,
        "b": -15.461405932356254,
        "ecl_lon": 287.6363526613174,
        "ecl_lat": -16.33032198787969,
        "nu_eff_used_in_astrometry": 2.9045985,
        "dr2_radial_velocity": 384.5183,
        "dr2_radial_velocity_error": 19.96185,
        "dr2_rv_template_teff": 6750.0,
        "dr2_rv_template_logg": 5.0,
        "dr2_rv_template_fe_h": 0.5
    }
}