{
    "min": {
        "solution_id": 1.6360425158051103e+18,
        "source_id": 6.710011601064297e+18,
        "random_index": 9.0,
        "ref_epoch": 2016.0,
        "ra": 269.9978030026122,
        "ra_error": 0.008676112,
        "dec": -48.135280275633214,
        "dec_error": 0.004437781,
        "parallax": -34.02281473464536,
        "parallax_error": 0.009591629,
        "parallax_over_error": -49.48692,
        "pm": 0.0009718624,
        "pmra": -916.0628229973744,
        "pmra_error": 0.009670901,
        "pmdec": -2039.790599456396,
        "pmdec_error": 0.0070583527,
        "ra_dec_corr": -0.9999978,
        "ra_parallax_corr": -0.94324416,
        "ra_pmra_corr": -0.98824394,
        "ra_pmdec_corr": -0.995062,
        "dec_parallax_corr": -0.9809467,
        "dec_pmra_corr": -0.9873477,
        "dec_pmdec_corr": -0.9935947,
        "parallax_pmra_corr": -0.93383676,
        "parallax_pmdec_corr": -0.93469226,
        "pmra_pmdec_corr": -0.9862168,
        "astrometric_n_obs_al": 23.0,
        "astrometric_n_obs_ac": 0.0,
        "astrometric_n_good_obs_al": 21.0,
        "astrometric_n_bad_obs_al": 0.0,
        "astrometric_gof_al": -10.14705,
        "astrometric_chi2_al": 9.013714,
        "astrometric_excess_noise": 0.0,
        "astrometric_excess_noise_sig": 0.0,
        "astrometric_params_solved": 3.0,
        "astrometric_primary_flag": 0.0,
        "pseudocolour": -1.550319,
        "pseudocolour_error": 0.0018375287,
        "ra_pseudocolour_corr": -0.8749985,
        "dec_pseudocolour_corr": -0.8550539,
        "parallax_pseudocolour_corr": -0.8889097,
        "pmra_pseudocolour_corr": -0.82897145,
        "pmdec_pseudocolour_corr": -0.8785555,
        "astrometric_matched_transits": 5.0,
        "visibility_periods_used": 1.0,
        "astrometric_sigma5d_max": 0.014565471,
        "matched_transits": 5.0,
        "new_matched_transits": 0.0,
        "matched_transits_removed": 0.0,
        "ipd_gof_harmonic_amplitude": 2.5919169e-06,
        "ipd_gof_harmonic_phase": 8.1265955e-07,
        "ipd_frac_multi_peak": 0.0,
        "ipd_frac_odd_win": 0.0,
        "ruwe": 0.55737287,
        "scan_direction_strength_k1": 4.7226564e-05,
        "scan_direction_strength_k2": 0.00023053274,
        "scan_direction_strength_k3": 3.270725e-05,
        "scan_direction_strength_k4": 0.00014683905,
        "scan_direction_mean_k1": -180.0,
        "scan_direction_mean_k2": -89.99979,
        "scan_direction_mean_k3": -59.999996,
        "scan_direction_mean_k4": -45.0,
        "duplicated_source": 0.0,
        "phot_g_n_obs": 0.0,
        "phot_g_mean_flux": 16.486499071169593,
        "phot_g_mean_flux_error": 0.43019632,
        "phot_g_mean_flux_over_error": 2.6838567,
        "phot_g_mean_mag": 2.836813,
        "phot_bp_n_obs": 0.0,
        "phot_bp_mean_flux": 1.0409808320530756,
        "phot_bp_mean_flux_error": 1.34968595e-05,
        "phot_bp_mean_flux_over_error": 0.06339643,
        "phot_bp_mean_mag": 2.7468615,
        "phot_rp_n_obs": 0.0,
        "phot_rp_mean_flux": 1.1212127499962674,
        "phot_rp_mean_flux_error": 0.0,
        "phot_rp_mean_flux_over_error": 0.05948284,
        "phot_rp_mean_mag": 2.3685837,
        "phot_bp_n_contaminated_transits": 0.0,
        "phot_bp_n_blended_transits": 0.0,
        "phot_rp_n_contaminated_transits": 0.0,
        "phot_rp_n_blended_transits": 0.0,
        "phot_proc_mode": 0.0,
        "phot_bp_rp_excess_factor": 0.092565045,
        "bp_rp": -6.189184,
        "bp_g": -5.9103594,
        "g_rp": -3.843382,
        "dr2_rv_nb_transits": 0.0,
        "l": 1.6150062813975746e-07,
        "b": -56.73777986647461,
        "ecl_lon": 269.9983150037653,
        "ecl_lat": -25.11639507323288,
        "nu_eff_used_in_astrometry": 0.9595459,
        "dr2_radial_velocity": -489.9173,
        "dr2_radial_velocity_error": 0.11000002,
        "dr2_rv_template_teff": 3600.0,
        "dr2_rv_template_logg": 0.0,
        "dr2_rv_template_fe_h": -5.0
    },
    "max": {
        "solution_id": 1.6360425158051103e+18,
        "source_id": 6.917528997577384e+18,
        "random_index": 1811709742.0,
        "ref_epoch": 2016.0,
        "ra": 337.4811433682696,
        "ra_error": 99.86781,
        "dec": -0.0025711556032855,
        "dec_error": 97.19394,
        "parallax": 177.93122142191174,
        "parallax_error": 4.962138,
        "parallax_over_error": 4870.7495,
        "pm": 2236.0493,
        "pmra": 1420.7548362581806,
        "pmra_error": 3.403237,
        "pmdec": 461.3740788151665,
        "pmdec_error": 3.314835,
        "ra_dec_corr": 0.99999905,
        "ra_parallax_corr": 0.9572487,
        "ra_pmra_corr": 0.98258716,
        "ra_pmdec_corr": 0.9882693,
        "dec_parallax_corr": 0.8946563,
        "dec_pmra_corr": 0.9838113,
        "dec_pmdec_corr": 0.9962724,
        "parallax_pmra_corr": 0.8863181,
        "parallax_pmdec_corr": 0.9246127,
        "pmra_pmdec_corr": 0.99699014,
        "astrometric_n_obs_al": 828.0,
        "astrometric_n_obs_ac": 813.0,
        "astrometric_n_good_obs_al": 828.0,
        "astrometric_n_bad_obs_al": 150.0,
        "astrometric_gof_al": 4741.15,
        "astrometric_chi2_al": 579668220.0,
        "astrometric_excess_noise": 763.0737,
        "astrometric_excess_noise_sig": 32817242.0,
        "astrometric_params_solved": 95.0,
        "astrometric_primary_flag": 1.0,
        "pseudocolour": 4.654126,
        "pseudocolour_error": 0.898285,
        "ra_pseudocolour_corr": 0.8196558,
        "dec_pseudocolour_corr": 0.87637836,
        "parallax_pseudocolour_corr": 0.8435924,
        "pmra_pseudocolour_corr": 0.78590846,
        "pmdec_pseudocolour_corr": 0.8262409,
        "astrometric_matched_transits": 95.0,
        "visibility_periods_used": 22.0,
        "astrometric_sigma5d_max": 349866112.0,
        "matched_transits": 101.0,
        "new_matched_transits": 97.0,
        "matched_transits_removed": 68.0,
        "ipd_gof_harmonic_amplitude": 2336.7087,
        "ipd_gof_harmonic_phase": 180.0,
        "ipd_frac_multi_peak": 100.0,
        "ipd_frac_odd_win": 100.0,
        "ruwe": 66.09573,
        "scan_direction_strength_k1": 0.9999855,
        "scan_direction_strength_k2": 0.99998754,
        "scan_direction_strength_k3": 0.99993235,
        "scan_direction_strength_k4": 0.99995714,
        "scan_direction_mean_k1": 179.99998,
        "scan_direction_mean_k2": 89.94099,
        "scan_direction_mean_k3": 60.0,
        "scan_direction_mean_k4": 45.0,
        "duplicated_source": 1.0,
        "phot_g_n_obs": 827.0,
        "phot_g_mean_flux": 1381088611.906336,
        "phot_g_mean_flux_error": 18574070.0,
        "phot_g_mean_flux_over_error": 13266.247,
        "phot_g_mean_mag": 22.644547,
        "phot_bp_n_obs": 93.0,
        "phot_bp_mean_flux": 1088108742.291277,
        "phot_bp_mean_flux_error": 27098772.0,
        "phot_bp_mean_flux_over_error": 37971016.0,
        "phot_bp_mean_mag": 25.294935,
        "phot_rp_n_obs": 95.0,
        "phot_rp_mean_flux": 894797441.371832,
        "phot_rp_mean_flux_error": 21655706.0,
        "phot_rp_mean_flux_over_error": 53021672.0,
        "phot_rp_mean_mag": 24.623676,
        "phot_bp_n_contaminated_transits": 53.0,
        "phot_bp_n_blended_transits": 88.0,
        "phot_rp_n_contaminated_transits": 52.0,
        "phot_rp_n_blended_transits": 88.0,
        "phot_proc_mode": 2.0,
        "phot_bp_rp_excess_factor": 763.1971,
        "bp_rp": 8.22691,
        "bp_g": 6.247175,
        "g_rp": 8.067496,
        "dr2_rv_nb_transits": 44.0,
        "l": 359.99999991650566,
        "b": -8.995985107178214,
        "ecl_lon": 331.9570436955918,
        "ecl_lat": 16.333880645120995,
        "nu_eff_used_in_astrometry": 2.9599116,
        "dr2_radial_velocity": 479.78003,
        "dr2_radial_velocity_error": 19.997536,
        "dr2_rv_template_teff": 6750.0,
        "dr2_rv_template_logg": 5.0,
        "dr2_rv_template_fe_h": 1.0
    }
}